income,credit_score,loan_amount,employment_years,loan_status
141958,760,43525,16,1
35795,846,37556,4,1
20860,552,17595,11,1
123694,689,6969,10,1
148106,555,48753,14,0
139879,749,22275,2,1
130268,309,9470,0,0
96820,541,15225,19,1
74886,550,47324,15,0
26265,304,46974,1,0
102386,418,47759,1,0
148214,673,28196,2,1
57194,364,45287,7,0
107498,445,18669,14,0
132727,523,42380,6,0
146324,538,43006,5,0
64131,476,20577,8,0
80263,581,27473,19,1
36023,362,33625,0,0
61090,516,20504,7,0
87221,760,29089,2,1
84820,404,41487,3,0
20769,398,5302,14,0
79735,810,36463,5,1
82955,684,49912,14,1
84925,704,34259,2,1
141637,817,47823,13,1
87969,775,42208,19,1
25311,736,35659,13,1
123355,322,40840,3,0
124724,757,36890,11,1
103104,382,18598,16,0
73707,444,24508,6,0
105305,384,47287,8,0
48693,377,18380,2,0
91932,756,31984,12,1
147723,300,49633,14,0
113016,350,13125,17,0
126970,745,41059,18,1
45658,748,9033,0,1
104478,787,42873,5,1
142537,333,22087,1,0
38431,647,45901,13,0
22747,394,10704,5,0
143855,371,12848,13,0
79150,453,26592,3,0
85725,549,11924,7,1
149981,737,32208,2,1
104654,417,24614,18,0
55773,605,5488,13,1
139346,567,44882,19,1
87435,353,30923,16,0
76886,535,40941,7,0
86803,688,34165,13,1
51551,700,6667,5,1
136216,602,31213,15,1
31394,506,9114,18,1
89092,528,41321,13,0
23890,374,12761,18,0
61606,734,36116,2,1
116276,402,38768,9,0
145768,721,30426,18,1
100038,605,22772,8,1
107313,397,43218,19,0
30627,634,8712,12,1
28792,734,6367,6,1
128859,746,45957,13,1
128557,607,46781,8,0
93969,548,31200,18,1
63001,465,8726,14,1
96552,780,28616,19,1
43897,634,32723,13,1
88148,841,42574,5,1
141729,405,39958,3,0
144243,380,14108,7,0
140923,432,17178,16,1
140174,437,40643,8,0
43483,483,36324,0,0
144358,700,43360,19,1
68555,629,22824,13,1
145436,807,13927,10,1
37159,368,33144,2,0
130510,845,36010,8,1
126530,352,27443,13,0
100077,749,19437,8,1
55920,504,49298,3,0
112067,425,44778,3,0
87121,342,16207,7,0
89479,410,30537,1,0
109475,482,40757,8,0
39457,394,17040,13,0
86557,673,46986,8,0
97189,819,27612,15,1
129109,659,33441,16,1
98953,580,11471,15,1
72995,494,40631,11,0
60757,494,48461,2,0
29692,392,31523,10,0
65758,360,36348,13,0
149425,350,6177,17,1
92409,702,9760,4,1
91211,304,37779,15,0
85697,765,26636,19,1
57065,833,21353,4,1
112093,704,16556,2,1
119299,812,32598,11,1
149293,532,16563,0,0
52606,823,48790,8,1
147791,645,13234,8,1
31534,345,30519,3,0
114663,845,31966,2,1
60397,377,21173,16,0
146678,372,31987,1,0
111387,548,18178,0,0
21016,346,44338,7,0
109789,420,29596,12,0
75591,513,38174,14,0
109812,538,46974,7,0
43247,355,9431,11,0
44300,649,32764,11,1
94065,406,26627,13,0
102798,347,44310,14,0
29268,636,13906,14,1
106807,325,41914,8,0
32185,556,49814,18,0
83704,307,18076,19,0
106779,552,42650,7,0
59099,602,11012,18,1
28571,355,12151,5,0
143372,825,33211,19,1
125512,773,32117,18,1
58044,327,41378,3,0
71214,377,47652,6,0
81228,515,11894,3,0
134752,685,18467,11,1
68984,664,36010,12,1
60774,825,47641,2,1
22568,611,17289,11,1
140151,306,49976,1,0
82592,302,48596,1,0
87563,662,28171,8,1
22695,807,39905,0,1
144375,573,25829,7,1
68190,805,39054,5,1
25258,314,49139,5,0
107538,491,34734,17,0
59504,784,12052,16,1
53159,327,8654,11,0
33986,338,28486,5,0
81858,572,23743,7,0
149312,530,29489,18,1
32666,385,13636,9,0
58660,773,11441,0,1
23561,425,29611,12,0
46854,836,47435,16,1
84505,444,17149,2,0
124488,824,39566,7,1
72251,511,47368,13,0
42662,324,26675,2,0
28392,693,10495,15,1
50535,366,47668,12,0
98603,532,18673,19,1
133569,408,16130,16,1
72256,445,27668,12,0
109135,410,20222,5,0
147478,527,28669,16,1
55222,410,39068,13,0
97373,769,28253,16,1
99575,333,14435,7,0
143684,668,33552,10,1
116354,724,42384,19,1
104651,817,21393,0,1
83335,581,15617,6,1
30965,619,43520,16,1
44538,742,14852,9,1
128066,614,36401,10,1
90592,676,11295,8,1
118018,588,40993,8,0
133252,736,39084,4,1
28110,576,44575,16,0
99309,802,41451,8,1
47266,815,12227,16,1
72992,649,36910,18,1
102948,745,41041,6,1
142073,649,28384,8,1
118806,436,5145,6,0
26910,542,42778,12,0
130989,842,21035,10,1
110982,339,8040,13,0
141626,528,47422,18,1
139176,847,31160,10,1
20206,522,22633,12,0
107054,305,34344,13,0
107897,621,22014,12,1
142409,767,19996,0,1
43419,374,46621,7,0
70636,303,16695,11,0
142546,417,7852,18,1
134238,803,21014,11,1
70015,740,32042,7,1
137478,493,38755,7,0
142096,691,45390,12,1
127059,325,28711,11,0
74268,734,31122,15,1
130687,472,14160,0,0
107939,599,32213,12,1
38141,625,44420,6,0
100356,709,12421,4,1
125878,417,26400,7,0
91910,524,38537,13,0
76044,831,22727,12,1
87214,412,9358,14,0
137930,439,33482,16,0
139324,300,37117,14,0
53827,389,28164,19,0
75820,619,36910,17,1
82623,849,37496,17,1
101734,438,49311,1,0
95450,810,34371,3,1
113426,558,43467,0,0
137845,309,22625,3,0
42299,560,38893,17,0
63585,471,15793,4,0
129225,312,36007,18,0
84044,467,30766,14,0
62557,620,44532,7,0
69080,618,17323,19,1
129556,628,12843,16,1
22693,849,19210,0,1
115003,718,21456,11,1
115259,394,36367,18,0
132235,617,15106,14,1
89163,535,42957,8,0
45939,633,7472,6,1
68925,675,11704,1,1
62941,758,8713,8,1
41834,436,10051,9,0
38047,846,15756,1,1
46105,812,7475,18,1
95766,595,41378,10,0
35707,619,9255,12,1
41976,648,19484,9,1
64262,528,39503,13,0
145117,569,13258,17,1
43776,590,45747,18,1
50080,464,40196,8,0
148376,304,45194,6,0
86842,678,13533,2,1
81373,377,37581,19,0
26776,709,10249,5,1
112787,431,24201,1,0
147948,341,14686,5,0
75016,388,37007,2,0
29474,701,5661,15,1
125830,595,49843,7,0
78053,594,35137,1,0
41959,825,47828,16,1
25530,721,15526,8,1
114856,322,8374,11,0
139101,442,30592,2,0
23748,444,33982,10,0
117504,524,5207,0,0
118098,802,40433,12,1
33545,403,28197,14,0
147659,338,38400,4,0
86199,497,8083,16,1
54766,690,34328,5,1
93530,478,47891,10,0
113557,747,25103,17,1
81087,799,44891,3,1
115839,314,15754,2,0
136183,588,39447,12,1
88840,777,20901,8,1
138451,530,38004,5,0
74384,719,12446,11,1
71005,456,42211,1,0
66576,849,34301,2,1
59353,740,31116,2,1
82003,396,46323,11,0
103211,710,23752,14,1
72733,588,37376,8,0
85318,553,21669,7,0
129953,495,37916,10,0
109474,821,18395,15,1
43664,816,25421,3,1
87172,417,31342,0,0
105616,458,9895,6,0
145879,527,16023,1,0
113264,515,15699,4,0
135386,314,14715,6,0
46736,456,24169,3,0
114209,560,21163,4,0
123041,456,10782,0,0
132859,346,27641,0,0
132181,623,23792,14,1
20854,429,40585,19,0
110084,710,35682,18,1
58623,394,23880,9,0
27392,591,43067,17,0
75680,582,47685,2,0
146354,368,23073,10,0
66717,310,41035,14,0
139937,553,42174,10,0
107092,849,29837,16,1
70859,433,22826,16,0
145657,322,29981,5,0
124095,645,15382,4,1
46309,601,9437,7,1
107455,662,10435,1,1
83734,695,29819,15,1
90467,517,41875,19,1
72662,440,36982,11,0
118506,509,38328,5,0
129751,759,17329,0,1
138906,655,30169,3,1
32688,623,26932,16,1
45342,432,39594,12,0
57157,426,16421,17,0
87863,405,12629,4,0
126308,677,13325,2,1
72083,350,33495,10,0
126081,328,36750,12,0
85733,761,34619,3,1
109045,595,45461,13,1
54698,596,13264,10,1
130078,706,17686,9,1
100623,704,29226,18,1
42671,645,11721,17,1
45184,719,25609,5,1
113384,481,12373,14,1
62107,300,43675,9,0
106202,670,33937,4,1
129893,730,10656,4,1
71663,608,13984,9,1
35708,436,34984,4,0
111906,501,13286,2,0
69811,735,10901,5,1
22811,612,36552,3,0
76250,416,30709,17,0
132547,543,36055,8,0
92082,836,42685,16,1
144249,374,13429,12,0
54754,685,19716,14,1
115742,509,16138,19,1
126642,774,40298,16,1
31411,717,28429,12,1
22911,646,10772,15,1
87270,828,40732,3,1
103763,478,44905,4,0
28680,481,22347,4,0
104896,324,21920,8,0
103879,479,36822,16,0
91295,800,45108,12,1
108614,460,28563,1,0
120689,476,12967,12,1
31111,584,16871,18,1
57504,362,33763,2,0
21802,455,16916,9,0
28155,768,13734,1,1
93656,348,38613,12,0
59384,383,33179,18,0
132561,660,40262,16,1
67254,447,17677,13,0
41918,641,23268,11,1
105981,775,17330,11,1
80713,362,25733,10,0
50306,659,42947,6,0
36646,626,32286,3,0
66843,440,11610,18,1
140975,514,11430,0,0
116601,734,44922,2,1
110735,617,18828,12,1
127512,331,47913,14,0
36371,584,36497,1,0
97371,604,44256,10,0
131472,728,41618,3,1
22049,776,31526,18,1
51616,585,35158,16,1
123727,443,30032,2,0
132893,723,42846,17,1
146603,318,49936,7,0
40932,317,34794,18,0
137796,670,10448,4,1
49855,474,33861,6,0
81434,493,33141,7,0
92694,801,14074,4,1
63016,412,11406,16,0
27400,413,36823,4,0
137858,521,28291,3,0
62642,563,46568,18,0
35151,354,37003,1,0
71407,757,39406,10,1
86690,461,28312,12,0
24499,679,48108,14,1
26295,386,6382,11,0
140885,354,39171,10,0
146071,775,46779,6,1
79040,477,8292,4,0
32183,690,46779,16,1
49299,648,38187,19,1
32874,307,17411,8,0
136336,612,42285,13,1
52711,742,20422,11,1
25539,627,47468,5,0
127941,353,37371,16,0
73351,538,10693,18,1
81267,528,38535,18,1
143133,350,19818,15,0
68354,563,36238,11,0
146063,717,35874,11,1
22557,395,31715,19,0
58360,387,32605,5,0
102018,377,39317,3,0
22200,587,36174,5,0
132476,419,14956,10,0
88497,790,43908,0,1
66975,751,15837,14,1
41357,799,8716,10,1
139121,464,9481,18,1
97505,481,29282,17,1
22869,768,11548,16,1
146114,306,42605,18,0
81135,629,12758,13,1
70108,450,48668,17,0
132296,384,28177,18,0
114179,446,29022,14,0
110272,680,45761,14,1
58467,847,10542,3,1
43328,584,30476,6,0
139181,381,35784,12,0
111412,813,27740,2,1
106831,822,29817,15,1
23987,685,21052,8,1
78871,770,40153,7,1
42399,418,5671,19,1
148391,695,5163,12,1
66214,831,46424,16,1
119522,560,49002,16,0
106416,555,9795,16,1
90271,525,15634,0,0
64064,352,9798,7,0
145615,799,27420,18,1
90091,805,34300,5,1
127450,663,29345,2,1
60818,579,15749,4,0
65525,457,43595,12,0
39830,358,30121,14,0
37429,427,42487,13,0
26893,414,33411,15,0
136381,508,38361,17,1
99909,825,26223,10,1
67333,820,12394,2,1
23436,536,19056,9,0
94290,580,33380,9,0
96213,658,31035,15,1
25895,500,35620,11,0
39738,577,24877,1,0
50746,534,48404,8,0
69377,793,35911,2,1
68404,303,37784,14,0
74045,741,8191,2,1
117888,328,38160,18,0
149307,408,30000,17,0
59790,374,44040,7,0
127455,445,8631,16,1
25600,427,11172,7,0
114660,341,47080,6,0
113179,655,28561,6,1
60764,340,29817,2,0
94543,333,25281,0,0
65714,316,33671,3,0
76835,452,30364,4,0
122946,677,46674,0,0
148191,641,32425,14,1
129616,326,33602,4,0
125983,586,28253,12,1
93744,467,28472,7,0
76491,567,13080,7,1
144123,754,12099,4,1
38589,700,30431,8,1
63484,775,36186,0,1
102989,429,35111,3,0
56212,662,44851,2,0
63525,591,27614,1,0
67202,670,31724,7,1
52635,328,46991,8,0
83208,448,9940,1,0
53828,595,33758,13,1
38711,310,41224,13,0
23420,811,12788,3,1
116752,412,33082,5,0
20301,486,29034,10,0
65236,526,40479,2,0
135294,609,16280,7,1
137858,397,23052,2,0
86235,354,21531,13,0
74240,705,27804,12,1
144019,368,33903,12,0
85726,611,49857,1,0
30492,588,15142,12,1
135668,847,14866,18,1
121279,447,9531,5,0
26102,766,43098,15,1
70336,543,43278,1,0
138015,790,33138,7,1
105314,806,32065,16,1
143007,664,34956,1,0
46641,781,46732,9,1
54584,500,44261,15,0
52745,453,15759,5,0
140542,749,10439,1,1
43093,800,47533,1,0
86105,372,33270,12,0
123746,595,18279,14,1
120199,316,44279,1,0
71885,516,49251,6,0
56631,360,28888,2,0
131217,341,22630,7,0
92991,324,40144,13,0
24014,338,36182,6,0
31093,430,30538,6,0
38070,797,16824,0,1
55777,528,37125,16,0
76958,407,11979,8,0
102074,471,31189,12,0
30729,734,47600,18,1
119713,777,17504,18,1
65017,401,25669,16,0
86320,823,11910,9,1
47751,574,39964,9,0
126400,343,25131,3,0
125864,316,30227,7,0
98069,629,10978,19,1
125647,796,26991,19,1
125510,311,22153,17,0
74748,617,38548,13,1
25801,515,47676,17,0
39190,638,44071,13,0
69689,380,8983,19,1
124290,784,14503,14,1
70993,673,34921,3,0
49592,499,21905,12,0
30647,836,28953,7,1
28716,765,31806,17,1
108891,388,27168,11,0
107545,567,9583,13,1
137638,788,43714,1,1
109912,837,44896,17,1
130627,346,16889,1,0
90316,587,32413,10,1
146995,315,17275,8,0
22368,700,7461,11,1
97575,385,19291,16,0
26655,549,16435,14,1
126477,690,32935,16,1
90031,634,38453,17,1
96429,818,23544,5,1
111083,436,17258,16,1
107922,797,35841,17,1
75766,776,15736,7,1
144046,522,42643,8,0
33403,671,48950,5,0
52097,701,39964,4,0
98657,742,33044,11,1
140607,789,44933,10,1
30966,572,20997,0,0
144862,825,19215,10,1
119157,458,38069,18,0
138834,451,28911,8,0
113848,487,22030,1,0
72921,397,34334,11,0
69726,430,19571,3,0
146141,470,47719,3,0
70300,482,33927,17,0
42677,663,25714,14,1
75609,338,48541,18,0
116825,826,28387,12,1
76661,796,33444,18,1
51024,815,24921,16,1
128211,648,18057,5,1
90313,696,29858,15,1
147813,460,49638,11,0
73006,315,31062,18,0
115285,792,41850,4,1
35338,725,25567,16,1
88027,407,34739,0,0
112772,749,48285,9,1
133632,610,8754,14,1
100135,469,32044,10,0
39508,845,6724,12,1
140379,713,6376,4,1
23051,550,13706,0,0
68747,440,13894,11,0
134692,573,23037,10,1
107142,715,23450,16,1
107235,338,21406,3,0
74021,328,34725,14,0
86412,776,10926,8,1
78335,617,44019,19,1
76179,544,14496,18,1
52093,571,41068,18,1
89678,739,34806,11,1
100738,538,27663,4,0
59734,676,46321,9,0
92615,565,41495,16,1
93523,658,27656,4,1
125103,639,30860,15,1
114476,688,21832,6,1
122769,302,43787,8,0
37019,728,26727,2,1
131721,441,47815,14,0
103613,675,34545,15,1
111794,623,49522,17,1
106672,445,7520,13,1
93847,592,8081,2,1
102750,731,39196,11,1
99634,698,41735,8,1
48251,643,44213,6,0
123481,439,19566,8,0
132566,486,19042,12,1
45945,360,30498,17,0
110852,679,16329,4,1
52217,739,36656,12,1
28308,618,7159,3,1
25949,601,42900,1,0
71990,643,24363,15,1
21150,310,48241,8,0
109480,361,24033,8,0
120235,525,15805,5,0
94740,452,40851,10,0
136352,609,31832,0,0
86617,542,18944,3,0
114841,792,24873,12,1
36896,665,45372,12,1
145729,629,28928,12,1
66175,406,20379,1,0
27805,525,41751,8,0
25237,517,39546,7,0
135247,805,29286,6,1
40056,558,10110,3,0
65543,816,17087,17,1
76556,353,28762,2,0
134548,346,22081,5,0
131488,820,39947,11,1
23343,398,14596,11,0
33500,319,43019,7,0
73222,789,47003,0,0
49375,718,23313,3,1
29662,361,6013,10,0
36964,444,28705,2,0
133429,515,6828,12,1
141692,302,12909,16,0
79638,459,43356,9,0
93666,419,18109,11,0
105067,388,7023,14,0
138937,628,19537,9,1
87215,656,31661,13,1
89042,566,43659,12,0
33284,622,38848,4,0
92789,840,42804,5,1
104664,494,20379,1,0
113468,631,32766,16,1
81389,469,48590,3,0
29435,820,7563,13,1
74340,762,41060,9,1
64078,339,34197,2,0
98832,836,8586,2,1
71293,560,21087,14,1
115981,694,28225,5,1
98781,525,34750,16,1
80403,423,11643,11,0
49124,337,32523,19,0
115435,627,41727,10,1
63919,550,16005,3,0
128761,475,48543,5,0
141305,753,5161,0,1
55247,336,21029,19,0
141172,615,19226,15,1
114758,413,33731,14,0
111747,339,48922,16,0
82752,600,49848,7,0
76573,523,8390,11,1
79101,617,10997,9,1
122756,648,17693,14,1
46646,414,47092,8,0
124185,622,5541,1,1
43049,339,26817,4,0
99605,339,42861,5,0
118116,588,18428,6,1
117379,561,48934,0,0
88385,515,15258,6,0
146131,446,21044,19,1
60158,635,34411,11,1
85417,467,10469,15,1
43289,391,33854,15,0
130226,652,11256,10,1
120793,662,15720,3,1
29823,644,38937,12,1
80160,469,38598,6,0
61975,655,6651,3,1
29540,490,24194,14,0
36364,721,30051,18,1
24611,306,32386,8,0
47663,432,14518,10,0
71991,330,21184,7,0
77679,834,38787,0,1
124182,725,26621,7,1
50977,693,15028,12,1
114704,662,17448,3,1
69115,736,39051,7,1
111007,381,35447,2,0
108223,655,23394,8,1
80890,557,39501,1,0
86387,823,35254,1,1
38071,594,23509,12,1
79275,523,19472,14,1
92369,824,8471,11,1
31938,345,46796,3,0
55195,412,35268,7,0
111680,532,13329,8,1
24000,316,39865,4,0
90588,659,33272,19,1
121042,522,47845,17,0
113610,747,11397,10,1
140420,664,37373,14,1
123691,625,40525,8,1
126306,766,29570,16,1
117856,713,23284,11,1
58304,754,23994,6,1
131783,532,28284,9,0
89449,523,22833,9,0
102986,711,30122,12,1
109643,634,10017,18,1
40764,521,21370,10,0
128940,336,34252,12,0
106027,577,12999,7,1
58494,495,27436,7,0
23373,783,47963,3,0
32161,541,7096,14,1
117532,623,30279,10,1
112658,491,48363,10,0
143633,316,31201,0,0
120386,823,24715,16,1
47350,700,34309,14,1
113008,321,20078,19,0
114297,773,10105,5,1
45351,419,34312,14,0
108668,509,7839,8,1
134585,605,8384,13,1
35305,569,48619,17,0
95353,584,47821,16,1
96797,526,18493,17,1
85953,680,22069,4,1
77458,759,12531,19,1
127112,306,42051,19,0
40358,328,12736,8,0
23267,332,12710,10,0
102745,378,6619,0,0
109588,758,18975,17,1
58513,837,28252,5,1
46092,781,20261,1,1
31338,729,6431,14,1
20412,584,14067,13,1
27543,815,42481,4,1
125891,398,32037,5,0
53496,696,14557,5,1
80692,788,14435,17,1
109084,338,42766,13,0
112920,570,5162,9,1
143555,456,39742,13,0
64425,374,24675,12,0
58756,429,13461,2,0
38888,383,22015,5,0
55735,321,37591,7,0
67295,758,33047,11,1
137474,838,39782,12,1
134352,681,14833,10,1
103042,739,12896,11,1
105999,320,37972,0,0
37955,602,46800,16,0
57841,383,35508,15,0
90640,752,10347,10,1
85510,686,35314,12,1
54911,806,7643,17,1
79031,556,45785,10,0
108726,826,23681,11,1
27357,461,43328,5,0
52479,462,20892,8,0
81476,823,22073,15,1
64811,570,41768,3,0
56208,791,35682,2,1
40150,507,37262,15,0
91180,838,36358,11,1
63286,359,19289,10,0
132856,729,12927,4,1
88450,608,6171,17,1
41352,819,16918,18,1
75069,326,46903,5,0
131888,498,44110,17,0
130448,686,16929,5,1
34397,648,7539,3,1
61555,835,41727,11,1
66959,677,27669,18,1
20728,826,10432,1,1
70517,452,25644,16,0
139180,505,23745,10,1
86234,754,33228,10,1
59954,572,39521,15,0
67280,535,36703,1,0
99459,820,31928,1,1
36779,800,23322,7,1
83932,416,27360,12,0
92936,685,34055,9,1
44466,643,47891,7,0
56939,694,21376,3,1
89896,363,11588,14,0
55270,371,30000,0,0
79163,573,11304,10,1
102637,619,12345,6,1
71934,637,34300,16,1
84895,665,29259,19,1
52307,794,30470,17,1
74098,465,28017,11,0
80921,843,20352,8,1
25486,310,38365,4,0
28335,600,24446,9,0
106900,401,7336,3,0
146020,724,14879,4,1
141954,691,37316,9,1
122795,513,38340,10,0
109112,387,12521,9,0
117203,700,11171,7,1
31130,345,28481,1,0
107508,762,23474,7,1
125955,609,49629,15,1
138324,385,26008,4,0
80566,391,6633,2,0
86703,541,17485,11,1
47192,301,48617,12,0
21062,524,8648,12,1
104076,415,18140,9,0
109780,402,22921,3,0
41545,493,19357,8,0
41689,465,8137,1,0
31174,389,5097,18,1
108461,421,16407,0,0
146174,442,35575,6,0
123033,405,17722,16,0
29348,727,17924,2,1
43714,604,8750,19,1
58102,616,32733,19,1
94460,308,13535,2,0
122634,372,29487,2,0
109930,658,35651,16,1
26801,522,9666,6,0
123150,715,21994,13,1
92267,669,6727,16,1
68136,563,39622,17,1
43625,617,15800,12,1
102873,383,42823,19,0
120843,617,48039,19,1
92592,410,23708,17,0
97052,550,17819,3,0
64261,682,14369,0,1
21542,306,14283,17,0
41677,758,35573,0,0
66732,383,18171,12,0
70343,507,35933,19,1
59081,689,10774,19,1
82856,613,11519,9,1
113105,321,15983,10,0
108858,709,35932,8,1
39065,814,35798,8,1
144097,426,23133,4,0
103460,313,19939,0,0
108092,311,5781,16,0
146116,386,32624,1,0
74693,823,11823,12,1
46962,836,23489,8,1
48295,600,44961,3,0
33807,542,34118,4,0
62348,421,39881,10,0
46432,446,21280,18,0
103285,655,27263,2,1
126995,608,18565,11,1
111792,587,25354,18,1
77854,606,47951,18,1
60262,848,30643,12,1
57080,651,28648,6,1
21324,611,46971,14,0
111267,358,23658,6,0
144707,334,26253,7,0
55909,744,31390,4,1
109339,392,28128,13,0
39870,506,18489,3,0
54578,652,43314,9,0
92124,631,37658,19,1
137611,458,11852,14,1
123605,323,34450,17,0
46790,703,7551,19,1
138874,815,11411,12,1
45289,663,38243,7,0
75129,681,26800,8,1
113714,831,15403,15,1
114246,451,12239,18,1
35485,719,11710,15,1
64482,549,26384,6,0
106188,416,26038,13,0
24748,811,45846,13,1
106769,634,27447,3,1
29435,717,7285,14,1
23709,594,42991,2,0
143961,670,18521,4,1
50355,485,11971,0,0
75771,545,34139,2,0
77799,567,24909,14,1
33116,536,16531,7,0
45470,829,19721,3,1
62344,320,24206,1,0
62918,819,42711,9,1
72224,399,11530,3,0
59298,777,16116,2,1
128492,597,5258,1,1
100219,825,5282,16,1
81629,633,18937,19,1
86040,301,6898,12,0
119518,674,9135,4,1
119835,592,11629,8,1
48016,617,48936,5,0
43960,801,24584,4,1
53591,680,28551,9,1
102848,313,38380,7,0
123333,803,22071,6,1
131732,530,25074,6,0
134821,383,30188,5,0
87641,429,7307,19,1
56395,444,44901,2,0
131276,327,16205,18,0
149695,365,10906,14,0
42700,462,7591,3,0
54620,528,20149,11,0
123214,560,49918,5,0
148148,748,44951,18,1
40559,723,30150,3,1
113045,759,36852,14,1
113396,600,47870,8,0
81642,602,6283,4,1
96539,586,38691,12,1
41732,694,6125,17,1
148675,309,6529,4,0
111362,569,31170,15,1
50354,660,13438,18,1
33843,556,25095,13,1
130008,432,21154,15,0
134065,575,13004,14,1
91726,812,14752,3,1
37640,612,48360,6,0
72528,583,31819,15,1
58413,420,41632,7,0
148142,406,31515,16,0
72638,503,29217,15,0
72736,464,28172,9,0
127892,604,37994,9,1
130133,796,20036,1,1
126357,455,16739,8,0
88866,666,37220,16,1
39087,550,14587,10,1
61430,633,49517,9,0
44504,810,35129,16,1
27114,592,5645,3,1
98859,319,35930,15,0
119657,581,21299,19,1
30975,300,35090,14,0
31023,418,26953,4,0
41447,334,31475,5,0
110469,497,23888,16,1
145899,784,48732,0,1
43959,358,21087,18,0
86203,460,14346,3,0
139156,505,5587,16,1
49703,311,17763,8,0
29337,789,46945,1,0
66427,575,9079,7,1
141507,541,41116,14,1
81529,515,25215,6,0
122023,550,30817,5,0
104665,425,29765,0,0
125787,516,35112,14,0
51921,605,30556,6,0
53307,484,23099,16,0
47355,338,48553,1,0
123268,522,11450,8,1
147016,483,18230,8,0
24835,794,34009,12,1
40159,726,10433,5,1
124346,477,38866,5,0
67605,727,44864,19,1
141790,593,23710,19,1
125616,450,16439,2,0
58088,683,46855,16,1